menuId,title,description,url,logo,advantages,features,intro,pricing,pros,cons,tips,relatedTitles,relatedDescriptions,sortOrder
tracking,Binom,老毛子写的高性能tracker,https://binom.org,,跳转速度快;价格是基于服务器的，而不是像其他的服务商那样基于点击数量;生成报表的速度快;无限域名(additional domains);多用户管理系统;提供API;售后支持相应速度快,,Binom一款由俄罗斯开发团队开发的高性能追系统。它的主要特点是采用服务器授权模式，用户只需支付服务器费用，无需按点击量付费。系统采用PHP7 + Nginx架构，确保了极快的响应速度。,价格根据服务器配置而定，基础版本起价约$100/月。不同于其他tracker按点击收费，Binom采用服务器授权模式，这意味着只要服务器能承受，您可以处理无限的点击量。,性价比极高，尤其是对于大流量用户;响应速度快，平均redirect时间<1ms;安装简单，一键部署;支持多用户管理;报表生成速度快;支持无限域名;API支持完善,需要自己管理服务器;界面相对简单，不够美观;学习曲线相对陡峭,建议选择SSD服务器以获得更好性能;新手可以先使用他们提供的共享服务器方案;重视服务器的地理位置，建议选择离目标流量来源较近的机房;定期备份数据库很重要;建议配置CDN以提升球访问速度,,,1
tracking,Voluum,业界成名较早的tracker之一,https://voluum.com,,云端部署，无需自己维护服务器;完善的报表系统;支持多种追踪模式;内置防作弊系统;支持团队协作,,Voluum是业内最知名的追踪系统之一，提供云端部署解决方案，无需自己维护服务器。系统功能完善，适合团队使用。,按点击计费，起价$69/月，包含100万点击，超出部分额外收费。提供多个套餐可选择。,部署简单，无需技术背景;界面美观，操作直观;客服支持及时;报表系统强大;定期推出新功能,价格较贵，尤其是大流量时;部分高级功能需要更高套餐;服务器位置有限，某些地区延迟较高,建议先使用试用版本测试;根据流量预估选择合适套餐;善用他们的API功能;注意设置据备份;多利用他们的教程资源,,,2
tracking,FunnelFlux,"价格昂贵但是功能强大, 支持安装在自己的服务器上",https://funnelflux.com,,自托管选项;强大的漏斗分析;详细的访客画像;高级报表功能;多服务器集群支持,,FunnelFlux是一款功能强大的追踪系统，特别适合需要深入分析用户行为和漏斗转化的营销人员。支持自托管部署，让用户完全控制数据和基础设施。,自托管版本起价$299/月，云托管版本价格更高。价格虽高但功能齐全。,数据掌控度高;漏斗分析功能强大;支持复杂的分流规则;报表系统专业;安全性好,价格昂贵;部署复杂;学习曲线陡峭,建先评估ROI再决定是否使用;准备好专业的技术支持;重视服务器配置;做好完整的部署计划;定期检查系统性能,,,3
other,Adsbridge,"简单易用, 功能强大, 自带smartlink",https://adsbridge.com,,内置Smartlink系统;云端部署;界面简洁易用;多重防作弊机制;支持多用户管理,,Adsbridge是一款云端追踪系统，以其简单易用和功能完整而闻名。特别适合新手入门，同时也能满足专业用户的需求。内置的Smartlink功能是其一大特色。,基础版起价$79/月，包含100万点击，提供多个套餐选择。,部署简单，即开即用;内置Smartlink功能;界面直观友好;学习曲线平缓;支持多种追踪模式,高级功能需要更高套餐;大流量时成本较高;部分地区响应较慢,可以先用基础版本测试;善用内置的Smartlink功能;注意设置防作弊规则;定期导出重要数据;关注官方更新通知,,,4
other,ThriveTracker,中规中距的一个tracker,#,,自托管选项;完整的追踪功能;支持多用户;实时统计;自定义报表,,ThriveTracker是一款功能完整的追踪系统，提供自托管选项，适合需要完全控制数据的用户。系统稳定，功能齐全。,自托管版本起价$199/月，支持无限点击量。,功能齐全;数据掌控度高;系统稳定性好;报表功能强大;支持自定义功能,价格较高;部署较复杂;更新频率一般,建议先评估服务器配置;做好完整的部署计划;重视数据备份;关注性能优化;善用自定义功能,,,5
other,Bemob,捷克出品的优质Tracker,https://bemob.com,,性价比高;界面简洁直观;支持多种追踪模式;防作弊功能;API支持,,Bemob是一款来自捷克追踪器，以其高性价比稳定性在市场上赢得了良好口碑。系统设计简洁，易于使用，同时又不失专业性。,基础版起价$99/月，包含100万点击，价格较为实惠。,性价比高;界面简洁易用;服务稳定;更新频繁;支持功能丰富,部分高级功能不如顶级tracker;文档相对简单;社区相对较小,新手入门的好选择;注意研究他们的文档;善用客服支持;期备份数据;关注他们的更新通知,,,6
other,Keitaro,"据说很厉害的tracker, 无缘一试",#,,高性能架构;强大的规则系统;详细的数据分析;多服务器集群;完善的API,,Keitaro是一款高端追踪系统，以其强大的性能和灵活的规则系统著称。特别适合大型团队和需要处理大量数据的用户。,授权费用约$399/月，需要自己部署服务器。,性能极其强大;规则系统灵活;数据分析详细;支持集群部署;API功能完善,价格昂贵;配置复杂;需要专业技术支持,需要专业的技术团队;做好充足的预算;重视服务器配置;注意规则优化;定期检查性能,,,7
other,RedTrack,功能强大，需要一定的学习曲线,#,,云端部署;AI优化功能;多维度分析;自动规则系统;团队协作功能,,RedTrack是新一代的追踪系统，集成了AI优化和自动化功能，适合需要深度数据分析和自动化的用户。,基础版$99/月起，根据点击量阶梯收费。,AI辅助优化;自动化程度高;分析功能强大;团队协作好;更新频繁,学习曲线较陡;高级功能费用高;部分功能复杂,循序渐进学习功能;充分利用AI功能;注意成本控制;重视团队培训;关注新功能更新,,,8
other,PeerClick,号称跳转(redirect)最快的tracker,#,,,,,,,,,,,9
other,CPVLAB Pro,CPVLab分家后的作品,#,,,,,,,,,,,10
other,iMobitrax,Mobile流行时的首选tracker,#,,,,,,,,,,,11
other,Prosper202,只当留个回忆,#,,,,,,,,,,,12
spy,Adplexity,创立最早也是最优秀的spy工具,https://adplexity.com,,支持多种广告形式监控;历史数据丰富;覆盖全球主要市场;数据更新及时;界面操作友好,,Adplexity是市面上最早也是最专业的广告监控工具之一，支持Native、Mobile、Desktop、Push、Carrier等多种广告形式的监控。它的数据库覆盖全球主要市场，能让用户及时了解竞争对手的投放策略,不同产品线价格不同，基础版本约$199/月起，可选择单个产品或者打包购买。,数据库最全面;更新频率快;支持多种广告形式;界面直观易用;客服响应快,价格较贵;部分小语种市场覆盖不足;某些高级功能需要更高套餐,建议先选择单个产品线试用;重点关注同行最新投放动向;善用过滤器功能;定期导出重要数据;关注他们的更新通知,,,13
spy,Anstrex,专注于Push和Native广告的SPY,https://anstrex.com,,专注Push和Native广告;价格相对实惠;数据更新快;支持Landing Page下载;提供详细的投放数据,,Anstrex是一款专注于Push和Native广告的监控工具，以其优秀的性价比和完善的功能在市场上占有重要地位。特别适合做Push和Native广告的广告主。,基础版约$99/月起，提供Push或Native单个产品线的访问权限。,性价比高;Push广数据全面;支持自动下载落地页;数据更新及时;操作界面友好,仅支持Push和Native;某些小众市场数据不足;高级功能需要升级套餐,可以先用基础版本测试;重点关注长期投放的广告;善用标签管理功能;定期检查热门offer;注意保存重要素材,,,14
spy,AdVault,最好的原生广告SPY服务商之一,#,,专注原生广告监控;支持多个广告网络;提供详细的投放数据;支持素材下载;数据分析功能强大,,AdVault是专注于原生广告监控的工具，支持主流原生广告网络的数据监控，为广告主提供竞品分析和市场洞察。,月费制，基础版约$149/月起。,原生广告数据全面;覆盖主流广告网络;分析功能强大;界面设计专业;支持批量导出,价格偏高;仅限原生广告;部分地区数据有限,重点关注热门垂直领域;多利用数据分析功能;保存优质创意素材;跟踪长期投放的广告主;注意竞品投放策略变化,,,15
spy,SpyOver,原生广告(Native Ads)监控和分析服务商,#,,专注原生广告监控;实时数据更新;竞品分析功能;广告创意库;流量来源分析,,SpyOver是专业的原生广告监控平台，提供实时的广告数据和竞品分析功能。,基础版约$199/月起,原生广告数据全面;更新及时;分析工具专业;操作界面友好;报表功能强大,价格较高;仅限原生广告;部分区数据有限,关注长期投放广告;分析竞品策略;保存优质创意;定期导出数据;跟踪热门offer,,,16
spy,AdSpy,世界上最大的facebook ads 和 instagram ads SPY服务商,#,,Facebook广告数据库;Instagram广告监控;社交媒体分析;创意素材下载;受众分析,,,,,,,,,17
spy,FindNiche,BigSpy马甲之一，侧重于Aliexpress 和Shopify,#,,,,,,,,,,,18
spy,MixRank,"曾经的明星站点, 现在流量下滑的厉害",#,,,,,,,,,,,19
spy,WhatRunsWhere,曾经的霸主之一,#,,,,,,,,,,,20
spy,SocialAdScout,社交广告SPY,#,,,,,,,,,,,21
spy,PowerAdSpy,Facebook Ads SPY专家,#,,,,,,,,,,,22
spy,Adspyhub,BigSpy马甲,#,,,,,,,,,,,23
spy,Idvert,号称对标adplexity的国内服务商,#,,,,,,,,,,,24
spy,BigSpy,国产优质SPY服务商，推荐,#,,,,,,,,,,,25
spy,SpyPush,专注于Push广告,#,,,,,,,,,,,26
spy,AdplexityAdult,Adplexity的成人版,#,,,,,,,,,,,27
pop,PropellerAds,很多人都在用的平台,https://propellerads.com,,全球性的流量覆盖;支持多种广告形式;实时报表系统;智能出价系统;反作弊系统,,PropellerAds是全球领先的Pop和Push广告网络，提供高质量的流量和先进的定向选项。平台支持多种广告形式，包括Popunder、Push通知、In-Page Push等。,最低充值$100，CPM/CPC竞价模式，支持多种支付方式。,流量质量稳定;覆盖地区广;支持多种广告形式;实时优化工具;客服响应快,部分地区竞争激烈;优质流量成本较高;需要一定预算测试,建议从小预算开始测试;注意使用黑名单过滤;多关注ROI报表;善用自动优化功能;重视转化追踪设置,,,28
pop,Zeropark,老牌流量平台，Pop和Domain流量质量好,https://zeropark.com,,高质量的Pop流量;强大的定向功能;详细的数据分析;Domain流量资源;RON/ROC投放选项,,Zeropark是业内知名的流量平台，以其高质量的Pop和Domain流量而闻名。平台提供详细的数据分析和优化工具，适合经验丰富的广告主。,最低充值$200，支持CPV/CPC模式，需要通过账户审核。,流量质量高;定向选项丰富;报表系统专业;支持API对接;优化工具完善,入门门槛较高;需要较大测试预算;部分流量竞争激烈,建议准备充足测试预算;重视前期数据收集;善用分时段投放;注意流量源筛选;合理使用竞价策略,,,29
pop,Popads,老牌Pop联盟之一,https://popads.net,,专注Pop流量;全球流量覆盖;实时竞价系统;地理定向选项;设备定向功能,,Popads是最早专注于Pop流量的广告网络之一，拥有稳定的流量来源和完善的放系统。平以其透明的竞价系统和实时报表而受到广告主欢迎。,最低充值$50，CPM竞价模式，支持多种支付方式。,起投金额低;操作界面简单;竞价系统透明;流量来源稳定;支持多种定向,部分流量量不稳定;优化工具较少;报表功能简单,建议从小流量源开始测试;注意设频次控制;关注竞价变化;做好预算控制;重视转化追踪,,,30
pop,Popcash,历史悠久的pop联盟，popads的竞争对手,https://popcash.net,,专注于pop流量;全球流量覆盖;实时竞价系统;地理定向选项;设备定向功能,,Popcash是专注于pop流量的广告网络，以其高质量的流量和稳定的投放选项而闻名。平台支持多种支付方式，适合不同预算的广告主。,最低充值$50，CPM竞价模式，支持多种支付方式。,流量质量稳定;覆盖地区广;支持多种支付;实时优化工具;客服响应快,部分地区竞争激烈;优质流量成本较高;需要持续优化,建议从小预算开始测试;注意受众定向设置;关注转化数据;优化创意文案;合理控制频次,,,31
pop,SelfAdvertiser,"Intango旗下产品, 全部按照CPA效果给钱",https://selfadvertiser.com,,专注于CPA效果;全球流量覆盖;实时数据统计;智能优化功能;多种广告形式,,SelfAdvertiser是专注于CPA效果的广告网络，提供多种广告形式和实时数据统计。平台支持多种支付方式，适合不同类型的推广需求。,按效果付费，无需预付费用,offer质量高;支付准时;优化工具强大;数据透明;支持多种广告形式,部分地区竞争激烈;流量规模较小;需要持续优化,建议从小预算开始测试;注意创意规范;关注转化数据;合理设置预算;持续优化定向,,,32
pop,Adsterra,提供主流和大人弹窗流量,https://adsterra.com,,多样化广告形式;全球流量覆盖;反作弊系统;时报表;智能优化工具,,Adsterra是综合性广告平台，提供Push、Pop、Banner等多种广告形式。平台支持多种支付方式，适合不同预算的广告主。,最低充值$100，支持CPM/CPC/CPA等多种计费模式。,广告形式多样;流量来源稳定;支持多种支付;报表系统完善;客服支持好,部分流量质量不稳定;竞争较大;需要较多测试,多测试不同广告形式;注意流量质量;关注ROI指标;优化投放时间;合理分配预算,,,33
pop,Ad-maven,Push为主兼顾Pop,https://ad-maven.com,,Push和Pop流量;全球流量覆盖;实时统计系统;多重定向选项;自动优化功能,,Ad-maven是专业的Push和Pop广告平台，提供全球范围的流量覆盖。平台支持多种广告形式，适合不同类型的推广需求。,最低充值$50，支持CPM/CPC计费模式。,起投金额低;流量类型多样;操作界面友好;支持多种定向;优化工具实用,部分地区流量不稳定;报表功能简单;优化选项有限,先测试小预算;关注质量指标;持续监测数据;优化投放策略;注意成本控制,,,34
pop,Adcash,大佬们都在用的流量源之一,https://adcash.com,,高质量流量;多种广告形式;精准定向选项;实时报表系统;防作弊机制,,Adcash是专注于广告流量和定向选项的平台，提供高质量的流量和先进的定向选项。平台支持多种广告形式，包括Banner、Popunder、In-Page等。,最低充值$100，支持CPM/CPC模式。,流量质量高;转化率高;定向精准;报表系统完善;支持API,部分地区竞争激烈;优质流量成本高;需要持续优化,注意选择合适位置;测试不同创意;关注ROI指标;合理控制频次;持续优化定向,,,35
pop,Hilltopads,老牌流量平台，支持多种广告形式,https://hilltopads.com,,多种广告形式;全球流量覆盖;实时竞价系统;地理定向选项;设备定向功能,,Hilltopads是老牌流量平台，以其丰富的广告形式和稳定的流量来源而闻名。平台支持多种广告形式，包括Banner、Popunder、In-Page等。,最低充值$100，支持CPM/CPC模式，需要通过账户审核。,流量质量高;定向选项丰富;报表系统专业;支持API对接;优化工具完善,入门门槛较高;需要较大测试预算;部分流量竞争激烈,建议准备充足测试预算;重视前期数据收集;善用分时段投放;注意流量源筛选;合理使用竞价策略,,,36
pop,Clickadu,专注于Pop和视频广告,https://clickadu.com,,专注于Pop和视频广告;全球流量覆盖;智能优化系统;详细的定向选项;实时竞价系统,,Clickadu是专注于Pop和视频广告的平台，提供高质量的流量和先进的定向选项。平台支持多种广告形式，包括Banner、Popunder、In-Page等。,最低预算$500起，支持CPM/CPC模式，需要通过账户审核。,广告形式多样;覆盖地区广;优化工具强大;支持多种创意格式;报表系统完善,起投金额较高;审核较严格;部分地区竞争激烈,建议从小预算测试开始;注意创意规范;重视素材测试;关注ROI指标;善用自动优化功能,,,37
traffic-native,MGID,全球最大的原生广告网络之一,https://mgid.com,,,,,,,,,,,38
traffic-native,Taboola,高质量原生广告网络,https://taboola.com,,,,,,,,,,,39
traffic-native,Outbrain,优质原生广告平台,https://outbrain.com,,,,,,,,,,,40
other,Revcontent,内容推荐广告平台,https://revcontent.com,,,,,,,,,,,41
other,Content.ad,专注于内容营销的广告平台,https://content.ad,,,,,,,,,,,42
other,Yahoo Gemini,雅虎的原生广告平台,https://gemini.yahoo.com,,,,,,,,,,,43
other,Nativo,高端原生广告平台,https://nativo.com,,,,,,,,,,,44
traffic-social,Facebook Ads,最大的社交广告平台,https://facebook.com/advertising,,精准的用户定向;多样的广告形式;强大的优化算法;详细的数据分析;广泛的受众覆盖,,Facebook Ads是全球最大的社交媒体广平台，拥有数十亿活跃用户，提供精准的用户定向和多样的广告形式。,最低日预算$1起，支持多种计费方式，包括CPM、CPC等。,用户基数大;定向精准;数据分析详细;创意形式丰富;优化工具强大,获取账户难度大;政策限制多;竞争激烈,注意账户安全;遵守广告政策;重视素材质量;做好预算规划;持续测试优化,,,45
traffic-social,TikTok Ads,短视频广告平台,https://ads.tiktok.com,,年轻用户群体;视频广告为主;创意展现丰富;全球化布局;智能投放系统,,TikTok Ads是快速增长的短视频广告平台，主要面向年轻用户群体，支持多种创意广告形式。,最低预算因地区而异，通常$50起，支持多种计费方式。,用户增长快;互动率高;创意空间大;覆盖广;效果好,制作成本较高;创意要求高;部分地区受限,注重视频质量;把握用户兴趣;测试不同创意;关注热点趋势;优化投放时间,,,46
traffic-social,Twitter Ads,推特广告平台,https://ads.twitter.com,,精准的广告定向;多种广告形式;强大的数据分析;实时竞价系统;广告创意库,,Twitter Ads是领先的广告平台之一，提供精准的广告定向和多种广告形式。平台支持实时竞价系统，让广告主能够根据数据分析调整投放策略。,按点击付费(CPC)，最低预算因地区而异，通常每日$1起。,广告定向精准;广告形式多样;数据分析详细;实时竞价系统;广告创意库丰富,获取账户难度大;政策限制多;竞争激烈,注意账户安全;遵守广告政策;重视数据分析;保持活跃度;关注行业动态,,,47
other,LinkedIn Ads,领英广告平台,https://business.linkedin.com/marketing-solutions,,精准的广告定向;多种广告形式;强大的数据分析;实时竞价系统;广告创意库,,LinkedIn Ads是领先的广告平台之一，提供精准的广告定向和多种广告形式。平台支持实时竞价系统，让广告主能够根据数据分析调整投放策略。,按点击付费(CPC)，最低预算因地区而异，通常每日$1起。,广告定向精准;广告形式多样;数据分析详细;实时竞价系统;广告创意库丰富,获取账户难度大;政策限制多;竞争激烈,注意账户安全;遵守广告政策;重视数据分析;保持活跃度;关注行业动态,,,48
other,Snapchat Ads,Snapchat广告平台,https://ads.snapchat.com,,精准的广告定向;多种广告形式;强大的数据分析;实时竞价系统;广告创意库,,Snapchat Ads是领先的广告平台之一，提供精准的广告定向和多种广告形式。平台支持实时竞价系统，让广告主能够根据数据分析调整投放策略。,按点击付费(CPC)，最低预算因地区而异，通常每日$1起。,广告定向精准;广告形式多样;数据分析详细;实时竞价系统;广告创意库丰富,获取账户难度大;政策限制多;竞争激烈,注意账户安全;遵守广告政策;重视数据分析;保持活跃度;关注行业动态,,,49
other,Pinterest Ads,Pinterest广告平台,https://ads.pinterest.com,,精准的广告定向;多种广告形式;强大的数据分析;实时竞价系统;广告创意库,,Pinterest Ads是领先的广告平台之一，提供精准的广告定向和多种广告形式。平台支持实时竞价系统，让广告主能够根据数据分析调整投放策略。,按点击付费(CPC)，最低预算因地区而异，通常每日$1起。,广告定向精准;广告形式多样;数据分析详细;实时竞价系统;广告创意库丰富,获取账户难度大;政策限制多;竞争激烈,注意账户安全;遵守广告政策;重视数据分析;保持活跃度;关注行业动态,,,50
traffic-search,Google Ads,最大的搜索广告平台,https://ads.google.com,,精准的关键词定向;全球最大搜索流量;完善的优化工具;多样的广告形式;智能竞价系统,,Google Ads是全球最大的搜索广告平台，提供精准的关键词定向和丰富的流量资源。平台能完善，适合各类产品推广。,按点击付费(CPC)，最低预算因地区而异，通常每日$10起。,流量质量高;转化率好;定向精准;数据透明;工具完善,获取账户难;竞争激烈;成本较高;政策严格,注意账户安全;关注质量得分;优化着陆页;合理设置预算;持续优化关键词,,,51
traffic-search,Bing Ads,微软的搜索广告平台,https://ads.microsoft.com,,成本相对较低;竞争压力小;导入Google Ads campaigns;精准定向选项;LinkedIn受众整合,,Bing Ads是微软的搜索广告平台，虽然流量规模不及Google，但具有成本较低、竞争较小的优势。特别适合预算有限的广告主。,CPC计费，最低日预算$5起，具体价格因市场而异。,获取账户容易;竞争较小;CPC较低;政策相对宽松;可导入Google campaigns,流量规模小;部分地区覆盖有限;工具不如Google完善,可以从Google导入广告;关注独特受众群体;善用LinkedIn定向;注意移动端优化;测试不同出价策略,,,52
traffic-search,Yandex.Direct,俄罗斯最大的搜索广告平台,https://direct.yandex.com,,精准的关键词定向;俄罗斯最大���索流量;完善的优化工具;多样���广告形式;智能竞价系统,,Yandex.Direct是俄罗斯最大的搜索广告平台，提供精准的关键词定向和丰富的流量资源。平台功能完善，适合各类产品推广。,按点击付费(CPC)，最低预算因地区而异，通常每日$10起。,流量质量高;转化率好;定向精准;数据透明;工具完善,获取账户难;竞争激烈;成本较高;政策严格,注意账户安全;关注质量得分;优化着陆页;合理设置预算;持续优化关键词,,,53
other,Baidu Ads,百度广告平台,https://e.baidu.com,,精准的关键词定向;中国最大搜索流量;完善的优化工具;多样的广告形式;智能竞价系统,,Baidu Ads是中国最大的搜索广告平台，提供精准的关键词定向和丰富的流量资源。平台功能完善，适合各类产品推广。,按点击付费(CPC)，最低预算因地区而异，通常每日$10起。,流量质量高;转化率好;定向精准;数据透明;工具完善,获取账户难;竞争激烈;成本较高;政策严格,注意账户安全;关注质量得分;优化着陆页;合理设置预算;持续优化关键词,,,54
adult,TrafficFactory,成人广告网络，Banner和Pop流量质量不错,https://trafficfactory.com,,高质量成人流量;多种广告形式;精准定向选项;实时报表系统;防作弊机制,,TrafficFactory是专业的成人广告网络，提供高质量的Banner和Pop流量。平台支持多种定向选项，适合成人产品推广。,最低充值$100，支持CPM/CPC模式。,流量质量好;转化率高;定向选项多;报表详细;支持API,部分地区限制;竞争较大;优质流量成本高,注意选择合适位置;测试不同创意;关注ROI指标;合理控制频次;持续优化定向,,,55
adult,Exoclick,老牌综合广告网络，支持多种广告形式,https://exoclick.com,,多样化广告形式;全球流量覆盖;智能优化系统;详细的定向选项;反作弊系统,,Exoclick是成熟的成人广告网络，提供多种广告形式和丰富的定向选项。平台技术成熟，适合各类推广需求。,最低充值$200，支持多种计费模式。,广告形式多样;覆盖面广;系统稳定;优化工具强大;支持自动化,部分流量质量不稳定;高级功能门槛高;客服响应慢,多测试不同广告形式;注意流量质量筛选;合理设置定向;关注数据分析;适时调整策略,,,56
adult,JuicyAds,专注成人广告的网络,https://juicyads.com,,专注于成人广告;全球流量覆盖;智能优化系统;详细的定向选项;实时竞价系统,,JuicyAds是专注于成人广告的广告网络，提供高质量的流量和先进的定向选项。平台支持多种广告形式，包括Banner、Popunder、In-Page等。,最低预算$500起，支持CPM/CPC模式，需要通过账户审核。,广告形式多样;覆盖地区广;优化工具强大;支持多种创意格式;报表系统完善,起投金额较高;审核较严格;部分地区竞争激烈,建议从小预算测试开始;注意创意规范;重视素材测试;关注ROI指标;善用自动优化功能,,,57
adult,PlugRush,成人广告网络,https://plugrush.com,,专注于成人广告;全球流量覆盖;智能优化系统;详细的定向选项;实时竞价系统,,PlugRush是专注于成人广告的广告网络，提供高质量的流量和先进的定向选项。平台支持多种广告形式，包括Banner、Popunder、In-Page等。,最低预算$500起，支持CPM/CPC模式，需要通过账户审核。,广告形式多样;覆盖地区广;优化工具强大;支持多种创意格式;报表系统完善,起投金额较高;审核较严格;部分地区竞争激烈,建议从小预算测试开始;注意创意规范;重视素材测试;关注ROI指标;善用自动优化功能,,,58
adult,TrafficJunky,PornHub背后的广告网络,https://trafficjunky.com,,专注于成人广告;全球流量覆盖;智能优化系统;详细的定向选项;实时竞价系统,,TrafficJunky是专注于成人广告的广告网络，提供高质量的流量和先进的定向选项。平台支持多种广告形式，包括Banner、Popunder、In-Page等。,最低预算$500起，支持CPM/CPC模式，需要通过账户审核。,广告形式多样;覆盖地区广;优化工具强大;支持多种创意格式;报表系统完善,起投金额较高;审核较严格;部分地区竞争激烈,建议从小预算测试开始;注意创意规范;重视素材测试;关注ROI指标;善用自动优化功能,,,59
push,PropellerAds,全球领先的Push广告网络,https://propellerads.com,,全球性Push流量覆盖;智能出价系统;多重定向选项;实时数据统计;自动优化功能,,PropellerAds是全球领先的Push广告网络之一，提供高质量的Push通知广告服务。平台支持多种定向选项和智能优化功能。,最低充值$100，支持CPM/CPC模式。,流量质量稳定;覆盖地区广;优化工具完善;支持自动竞价;客服响应快,部分地区竞争激烈;优质流量成本高;需要持续优化,建议小预算测试开始;注意受众定向设置;关注转化数据;优化创意文案;合理控制频次,,,60
push,RichAds,专注于Push流量，质量较好,https://richads.com,,高质量Push流量;智能竞价系统;反作弊机制;详细的数据分析;多样化定向选项,,RichAds是专业的Push广告平台，以其高质量的流量和完善的优化工具而闻名。平台特别注重流量质量和反作弊。,最低充值$100，支持CPC/CPM计费模式。,流量质量高;转化率好;定向精准;报表系统完善;优化工具强大,价格相对较高;部分地区流量有限;审核较严格,重视创意质量;细分受众群体;持续监测数据;测试不同出价;关注竞争对手,,,61
push,Megapu.sh,专业的Push通知平台,https://megapu.sh,,专注Push通知;实时竞价系统;地理定向功能;设备定向选项;自动优化工具,,Megapu.sh是专注于Push通知广告的平台，提供稳定的流量和灵活的投放选项。平台操作简单，适合各类广告主。,最低充值$50，主要采用CPC计费模式。,入门门槛低;操作简单直观;定向选项丰富;支持自动优化;数据透明,流量规模较小;部分地区覆盖有限;高级功能较少,从小流量开始测试;注意创意规范;关注转化数据;合理设置预算;持续优化定向,,,62
push,Adsterra,提供主流和大人弹窗流量,https://adsterra.com,,多样化广告形式;全球流量覆盖;反作弊系统;时报表;智能优化工具,,Adsterra是综合性广告平台，提供Push、Pop、Banner等多种广告形式。平台支持多种支付方式，适合不同预算的广告主。,最低充值$100，支持CPM/CPC/CPA等多种计费模式。,广告形式多样;流量来源稳定;支持多种支付;报表系统完善;客服支持好,部分流量质量不稳定;竞争较大;需要较多测试,多测试不同广告形式;注意流量质量;关注ROI指标;优化投放时间;合理分配预算,,,63
push,Ad-maven,Push为主兼顾Pop,https://ad-maven.com,,Push和Pop流量;全球流量覆盖;实时统计系统;多重定向选项;自动优化功能,,Ad-maven是专业的Push和Pop广告平台，提供全球范围的流量覆盖。平台支持多种广告形式，适合不同类型的推广需求。,最低充值$50，支持CPM/CPC计费模式。,起投金额低;流量类型多样;操作界面友好;支持多重定向;优化工具实用,部分地区流量不稳定;报表功能简单;优化选项有限,先测试小预算;关注质量指标;持续监测数据;优化投放策略;注意成本控制,,,64
push,DatsPush,专注Push通知广告,https://datspush.com,,专注于Push通知广告;全球流量覆盖;实时数据统计;智能优化功能;多种广告形式,,DatsPush是专注于Push通知广告的广告网络，提供高质量的流量和先进的定向选项。平台支持多种广告形式，包括Banner、Popunder、In-Page等。,最低预算$500起，支持CPM/CPC模式，需要通过账户审核。,广告形式多样;覆盖地区广;优化工具强大;支持多种创意格式;报表系统完善,起投金额较高;审核较严格;部分地区竞争激烈,建议从小预算测试开始;注意创意规范;重视素材测试;关注ROI指标;善用自动优化功能,,,65
push,PushGround,新兴的Push广告平台,https://pushground.com,,专注于Push广告;全球流量覆盖;实时数据统计;智能优化功能;多种广告形式,,PushGround是新兴的广告网络，提供高质量的流量和先进的定向选项。平台支持多种广告形式，包括Banner、Popunder、In-Page等。,最低充值$500起，支持CPM/CPC模式，需要通过账户审核。,广告形式多样;覆盖地区广;优化工具强大;支持多种创意格式;报表系统完善,起投金额较高;审核较严格;部分地区竞争激烈,建议从小预算测试开始;注意创意规范;重视素材测试;关注ROI指标;善用自动优化功能,,,66
traffic-native,Outbrain,优质原生广告平台,https://outbrain.com,,,,,,,,,,,67
other,Revcontent,内容推荐广告平台,https://revcontent.com,,,,,,,,,,,68
other,AdRoll,重定向广告平台,https://adroll.com,,,,,,,,,,,69
other,Perfect Audience,重定向广告专家,https://perfectaudience.com,,,,,,,,,,,70
other,Criteo,重定向广告巨头,https://criteo.com,,,,,,,,,,,71
networks,Rakuten Advertising,各种牛逼广告主聚集的地方,https://rakutenadvertising.com,,全球知名品牌广告主;多样化的佣金模式;深度链接工具;报表系统完善;支持多语言,,Rakuten Advertising是全球领先的联盟营销平台，汇集了众多知名品牌广告主，提供多样化的推广机会。,免费加入，按效果付费,品牌广告主多;佣金比例高;支付准时;工具完善;客服专业,审核较严格;部分项目门槛高;竞争激烈,注重内容质量;选择适合的项目;保持长期合作;善用他们的工具;重视数据分析,,,72
networks,CJ Affiliate,"大名鼎鼎的CJ, 世界最大的营销联盟",https://cj.com,,全球最大联盟平台;高质量广告主;完善的追踪系统;多样化支付方式;强大的API支持,,CJ Affiliate(原Commission Junction)是全球最大的联盟营销平台，拥有最完善的系统和最多的优质广告主。,免费注册，收入分成制,平台最权威;广告主质量高;系统稳定性好;数据分析详细;支付方式多样,审核时间长;要求较高;新手不友好,准备专业的网站;耐心等待审核;选择合适项目;重视合规性;保持活跃度,,,73
networks,Shareasale,美国小型广告主聚集的公司，值得加入,https://shareasale.com,,门槛较低;小型广告主多;操作界面简单;佣金结算及时;支持多种推广,,Shareasale是一个面向中小型广告主的联盟平台，以其低门槛和友好的政策而闻名。平台汇集了大量优质的中小型商家，特别适合新手入门。,免费注册，按销售分成,注册门槛低;审核速度快;支付准时;商家资源丰富;操作简单直观,部分商家佣金较低;界面略显陈旧;部分功能不够完善,选择知名度高的商家;关注高佣金项目;保持账户活跃;多尝试不同垂直领域;重视数据分析,,,74
other,ClickBank,主营业务: 各种电子书,#,,数字产品为主;即时审核系统;高额佣金比例;全球化支付;营销工具丰富,,ClickBank是全球最大的数字产品联盟平台之一，主要销售电子书、软件、在线课程等数字产品。平台以其高佣金率和即时审核系统而闻名。,免费注册，$49.95激活费（首次销售时收取）,佣金比例高（最高75%）;支付准时可靠;产品种类丰富;全球化覆盖;营销材料完善,产品质量参差不齐;竞争激烈;退款率较高,仔细���选产品质量;关注退款率数据;利用其营销工具;测试不同垂直领域;建立邮件列表,,,75
other,Impact,"发展极快, 广告主质量高",#,,技术领先;合作伙伴优质;自动化程度高;报表系统强大;API功能完善,,,,,,,,,76
other,FlexOffers,"12,000+广告主",#,,广告主数量多;审核速度快;佣金比例好;支付准时;产品类型丰富,,,,,,,,,77
other,Avangate,专注于软件和电子产品的营销联盟,#,,软件产品为主;全球化支付;转化率高;佣金比例好;结算周期短,,,,,,,,,78
other,Pepperjam,小型广告主的最爱之一,#,,,,,,,,,,,79
other,TradeDoubler,一句话: 欧洲巨头,#,,,,,,,,,,,80
other,Webgains,老牌UK联盟之一,#,,,,,,,,,,,81
other,Avantlink,聚集了大量的中小广告主,#,,,,,,,,,,,82
other,LinkConnector,"老牌联盟之一, 广告主质量不均",#,,,,,,,,,,,83
ecommerce,eBay Partner Network,eBay也有自己的销售联盟噢,#,,,,,,,,,,,84
other,TradeTracker,另外一家欧洲巨人,#,,,,,,,,,,,85
other,RevenueWire,少见的加拿大联盟，侧重于电子商务,#,,,,,,,,,,,86
other,AdmitAd,发展迅速的欧洲联盟,#,,,,,,,,,,,87
cpa,PerformCB,曾经的Clickbooth,#,,,,,,,,,,,88
cpa,Maxbounty,硕果仅存的老牌加拿大联盟,#,,,,,,,,,,,89
cpa,DMS Performance Ad Market,老牌美国联盟，前身W4，再前身HydroAds,#,,,,,,,,,,,90
cpa,ClickDealer,异军突起的老毛子联盟的代表,#,,,,,,,,,,,91
cpa,A4D,一度没落的老牌联盟再次起飞,#,,,,,,,,,,,92
cpa,GlobalWideMedia,曾经大名鼎鼎的NeverBlue,#,,,,,,,,,,,93
cpa,Adcombo,近来发展迅速的老毛子联盟,#,,,,,,,,,,,94
cpa,Mobidea,侧重于移动流量的欧洲联盟,#,,,,,,,,,,,95
cpa,Convert2media,各种Trial Offer,#,,,,,,,,,,,96
cpa,RevenueAds,美国中部小城的公司，信誉不错,#,,,,,,,,,,,97
cpa,AdworkMedia,Content Locking 联盟,#,,,,,,,,,,,98
cpa,TopOffers,Dating 联盟,#,,,,,,,,,,,99
cpa,CrakRevenue,Adult Offer联盟,#,,,,,,,,,,,100
forum,Warriorforum,勇士论坛,https://warriorforum.com,,,,,,,,,,,101
forum,STM Forum,"号称高端网络营销论坛, 需要付费",https://stmforum.com,,,,,,,,,,,102
other,BlackHatWorld,全球黑帽第一论坛,https://blackhatworld.com,,,,,,,,,,,103
other,AffiliateFix,适合新手的论坛,#,,,,,,,,,,,104
other,广告中国,最有全球影响力的中文数字营销论坛,#,,,,,,,,,,,105
other,Wickedfire,老外最为专业的Marketing论坛,#,,,,,,,,,,,106
other,AffLift,最近崛起的Affiliate Marketing论坛,#,,,,,,,,,,,107
other,DigitalPoint,DP论坛,#,,,,,,,,,,,108
seo,SEMRush,搜索引擎优化，关键字研究工具,https://semrush.com,,全面的关键词分析;竞争对手研究;网站审计功能;内容营销工具;排名跟踪系统,,SEMRush是全球领先的SEO工具之一，提供全面的数字营销解决方案，包括关键词研究、竞争对手分析、网站审计等功能。,基础版$119.95/月起，提供多个套餐选择,数据库庞大;功能全面;界面友好;更新及时;报告专业,价格较高;部分数据不准确;学习曲线陡峭,善用免费试用期;按需选择套餐;定期导出报告;关注竞争对手动态;充分利用培训资源,,,109
seo,Ahrefs,竞争对手关键字研究,https://ahrefs.com,,强大的反向链接分析;关键词研究工具;内容分析功能;网站健康检查;竞争对手分析,,Ahrefs是SEO专业人士首选的工具之一，以其强大的反向链接数据库和全面的SEO功能而闻名。,基础版$99/月起，高级功能需要更高级别套餐,数据更新快;反向链接数据全面;工具稳定可靠;界面直观;客服支持好,价格昂贵;免费版功能有限;需要专业知识,充分利用免费课程;合理规划预算;重视数据分析;定期检查网站健康;跟踪竞争对手变化,,,110
seo,Moz,著名的关键字研究工具,https://moz.com,,网站排名跟踪;页面优化建议;关��词研究;本地SEO工具;链接分析,,Moz是最早的SEO工具之一，提供全面的搜索引擎优化解决方案，特别适合初学者和中小企业。,标准版$99/月起，企业版需要联系销售,界面友好;适合新手;教育资源丰富;工具稳定;社区活跃,数据库相对较小;更新频率较慢;高级功能较少,利用免费学习资源;参与社区讨论;关注行业动态;合理使用配额;注重基础数据分析,,,111
seo,Neil Patel,著名的免费关键字研究工具,https://neilpatel.com,,免费SEO分析;流量估算工具;关键词建议;竞争对手分析;内容优化建议,,Neil Patel提供的免费SEO工具集合，适合预算有限的用户和初学者使用。工具简单直观，提供基础但实用的SEO分析功能。,基础功能免费，高级功能需付费,免费使用;操作简单;适合入门;更新及时;集成多个工具,数据深度有限;高级功能收费;分析不够深入,充分利用免费功能;结合其他工具使用;关注博客更新;参考使用教程;注��数据验证,,,112
seo,Majestic,最大的反向链接数据库,https://majestic.com,,大规模链接数据;历史数据分析;网站信任度评估;竞争对手比较;链接质量评分,,Majestic拥有全球最大的反向链接数据库之一，专注于提供深入的链接分析和网站信任度评估。,基础版约$49.99/月起,数据库庞大;历史数据完整;分析工具专业;API支持完善;更新频繁,界面较复杂;学习成本高;价格不菲,重视历史数据分析;关注链接质量;定期导出报告;善用比较功能;注意趋势变化,,,113
email,Mailgun,SMTP服务商，transaction email 首选,https://mailgun.com,,可靠的邮件发送服务;详细的数据分析;API支持;邮件验证功能;自动化工具,,,,,,,,,114
email,Sendgrid,纯SMTP服务商，价格实惠,https://sendgrid.com,,高度可扩展;强大的API;详细的分析报告;模板系统;自动化营销,,,,,,,,,115
other,iContact,价格实惠的邮件营销平台,https://icontact.com,,易用的界面;自动化功能;A/B测试;分段营销;响应式模板,,,,,,,,,116
other,GetResponse,对affiliate友好的邮件营销平台,https://getresponse.com,,自动回复系统;落地页创建;网络研讨会功能;CRM集成;高级自动化,,,,,,,,,117
other,Aweber,老外都喜欢用的邮件营销平台，很严格!,https://aweber.com,,自动回复系统;邮件模板;列表管理;分析报告;API集成,,,,,,,,,118
email,Mailchimp,全平台的邮件营销平台,https://mailchimp.com,,全面的营销工具;智能分析;自动化工作流;受众细分;A/B测试,,,,,,,,,119
other,Constant Contact,适合小型企业的邮件营销平台,https://constantcontact.com,,易用的界面;丰富的模板;活动管理;社交媒体整合;实时报告,,,,,,,,,120
other,亚马逊,电商出海的第一站,https://amazon.com,,,,,,,,,,,121
ecommerce,eBay,电商鼻祖,https://ebay.com,,,,,,,,,,,122
other,速卖通,阿里巴巴速卖通，中小卖家的福音,https://aliexpress.com,,,,,,,,,,,123
ecommerce,Shopify,各种大牛的聚集地,https://shopify.com,,,,,,,,,,,124
backend,GetCake,目前追踪最准价格最贵的平台,#,,,,,,,,,,,125
backend,Tune(原hasoffers),用户使用最多的平台之一,#,,,,,,,,,,,126
other,Hitpath,曾经是美国大型联盟的最爱,#,,,,,,,,,,,127
other,Linktrust,号称追踪最准确，可惜自己作死,#,,,,,,,,,,,128
backend,Affise,新晋崛起的Performance Marketing Platform服务商,#,,,,,,,,,,,129
other,Offerslook,亚洲客户比较多,#,,,,,,,,,,,130
other,Offer18,入门级，价格比较便宜,#,,,,,,,,,,,131
other,Fuseclick,国产服务商,#,,,,,,,,,,,132
other,PostAffiliatePro,小型广告主最喜欢的联盟程序之一,#,,,,,,,,,,,133
domain,Dynadot,对国人友好，支持支付宝，价格一般,#,,,,,,,,,,,134
domain,Namecheap,域名注册并不便宜，网站UI反应很慢，直接���问速度更慢,https://namecheap.com,,,,,,,,,,,135
other,Name.com,历史悠久的域名注册商，界面清爽,#,,,,,,,,,,,136
domain,Godaddy,"戏称'狗爹', 全球排名第一的域名注册商",https://godaddy.com,,,,,,,,,,,137
other,NetActuate,"前HostVirtual, 前前vr.org, 全球网络服务商",#,,,,,,,,,,,138
other,Bandwagonhost,优质CN2GIA服务商，信誉良好，富强的最爱,#,,,,,,,,,,,139
hosting,Vultr,Choopa旗下品牌，价格厚道,https://vultr.com,,,,,,,,,,,140
hosting,DigitalOcean,低价优质的策略，成为AWS的有利竞争者,https://digitalocean.com,,,,,,,,,,,141
hosting,Linode,"网络好, 服务稳定，affiliate的最爱之一",https://linode.com,,,,,,,,,,,142
other,腾讯云,腾讯的云服务,#,,,,,,,,,,,143
other,阿里云,阿里巴巴旗下品牌，有国内版和国际版，国际版厚道,#,,,,,,,,,,,144
other,谷歌云(GCP),"谷歌的云服务, 厚道, 大量白女票用户",#,,,,,,,,,,,145
other,Azure,微软的云服务，大企业的最爱，价格昂贵,#,,,,,,,,,,,146
other,AWS,大名鼎鼎的AWS,#,,,,,,,,,,,147
other,CeraNetworks,防DDos服务商，Hostloc服务器所在机房,#,,,,,,,,,,,148
other,PhoenixNAP,凤凰城优质机房,#,,,,,,,,,,,149
other,Hivelocity,"立足于Florida, 多个机房面向全美服务",#,,,,,,,,,,,150
other,Krypt,优质的CN2GIA服务商之一，贵族机房,#,,,,,,,,,,,151
other,Psychz,"业界俗称'饭桶', 鸡迷路, 神一样的路由",#,,,,,,,,,,,152
other,QuadraNet,洛杉矶机房的优质服务商，推荐,#,,,,,,,,,,,153
other,Leaseweb,荷兰巨头，全球服务,#,,,,,,,,,,,154
other,Rackspace,提供managed服务，价格昂贵，大型企业的最爱,#,,,,,,,,,,,155
other,Softlayer,"现在变身IBM Cloud, 价格昂贵，拥有最好的network 和 服务",#,,,,,,,,,,,156
payment,Paxum,Affiliate最常用的支付工具之一,https://paxum.com,,,,,,,,,,,157
payment,Payoneer,以色列支付工具，对中国友好,https://payoneer.com,,,,,,,,,,,158
other,WebMoney,俄罗斯支付工具，很多老毛子联盟都用,#,,,,,,,,,,,159
other,Capitalist,新兴的支付工具，很多老毛子联盟都在用,#,,,,,,,,,,,160
payment,Wise,原TransferWise，跨境支付利器,https://wise.com,,,,,,,,,,,161
vps,911,老牌代理服务商,#,,,,,,,,,,,162
vps,芝麻代理,国内代理服务商,#,,,,,,,,,,,163
vps,阿伟云,性价比不错的代理,#,,,,,,,,,,,164
tools,Instapage,制作落地页的利器,https://instapage.com,,,,,,,,,,,165
tools,Unbounce,专业的落地页制作工具,https://unbounce.com,,,,,,,,,,,166
tools,Leadpages,简单易用的落地页工具,https://leadpages.com,,,,,,,,,,,167